{"frame_points": [[346, 633], [1500, 404], [2405, 474], [1072, 1050]], "map_points": [[297, 11], [569, 332], [462, 619], [96, 212]], "coord_points": [[37.350879, 55.857961], [37.351734, 55.857386], [37.351394, 55.856881], [37.35025, 55.857599]], "interceptor": [699, 417], "VIDEO_SOURCE": "frame.mp4", "MAP_SOURCE": "map.png", "parking_lines": [[[69, 182], [681, 12]], [[0, 296], [213, 231]], [[230, 226], [604, 111]], [[11, 362], [694, 136]], [[269, 389], [524, 289]], [[598, 260], [720, 212]]]}