{
  "frame_points": [[313, 405],
    [431, 97],
    [1401, 43],
    [1809, 395]],
  "map_points": [[657, 515],
    [633, 713],
    [271, 473],
    [361, 261]],
  "coord_points": [[59.984439, 30.379857],
    [59.984052, 30.379763],
    [59.984527, 30.378334],
    [59.984944, 30.378689]],
  "interceptor": [
    0,
    0
  ],
  "cam_height": 30,
  "VIDEO_SOURCE": "frame.jpg",
  "MAP_SOURCE": "map.png",
  "parking_lines": [[[914, 858], [1133, 853]], [[1195, 850], [1523, 807]], [[1523, 807], [1784, 727]],
    [[926, 1022], [1496, 961]]]
}